{
  "name": "angular-aria",
  "version": "1.5.7",
  "license": "MIT",
  "main": "./angular-aria.js",
  "ignore": [],
  "dependencies": {
    "angular": "1.5.7"
  },
  "homepage": "https://github.com/angular/bower-angular-aria",
  "_release": "1.5.7",
  "_resolution": {
    "type": "version",
    "tag": "v1.5.7",
    "commit": "cc7648955bfa6aa37f4b8fa9de1c948151a42e21"
  },
  "_source": "https://github.com/angular/bower-angular-aria.git",
  "_target": "^1.5.5",
  "_originalSource": "angular-aria"
}