{
  "name": "angular-messages",
  "version": "1.5.7",
  "license": "MIT",
  "main": "./angular-messages.js",
  "ignore": [],
  "dependencies": {
    "angular": "1.5.7"
  },
  "homepage": "https://github.com/angular/bower-angular-messages",
  "_release": "1.5.7",
  "_resolution": {
    "type": "version",
    "tag": "v1.5.7",
    "commit": "834750277f1fe5613fa2541566a8176ead5d167a"
  },
  "_source": "https://github.com/angular/bower-angular-messages.git",
  "_target": "^1.5.5",
  "_originalSource": "angular-messages"
}